Old URL,New URL,Redirect Type,Priority,Notes
https://www.evolvestrength.ca/about/,https://www.evolvestrength.ca/about-us,301,1,About page
https://www.evolvestrength.ca/contact/,https://www.evolvestrength.ca/contact-us,301,1,Contact page
https://www.evolvestrength.ca/corporate/,https://www.evolvestrength.ca/corporate-membership,301,1,Corporate membership
https://www.evolvestrength.ca/spaces/,https://www.evolvestrength.ca/work-spaces,301,1,Work spaces
https://www.evolvestrength.ca/become-a-trainer/,https://www.evolvestrength.ca/join-as-trainer,301,1,Join as trainer
https://www.evolvestrength.ca/burnaby-brentwood/,https://www.evolvestrength.ca/locations/burnaby-brentwood,301,2,Burnaby location
https://www.evolvestrength.ca/calgary-royal-oak/,https://www.evolvestrength.ca/locations/calgary-royal-oak,301,2,Calgary Royal Oak
https://www.evolvestrength.ca/calgary-seton/,https://www.evolvestrength.ca/locations/calgary-seton,301,2,Calgary Seton
https://www.evolvestrength.ca/calgary-sunridge/,https://www.evolvestrength.ca/locations/calgary-sunridge,301,2,Calgary Sunridge
https://www.evolvestrength.ca/edmonton-downtown/,https://www.evolvestrength.ca/locations/edmonton-downtown,301,2,Edmonton Downtown
https://www.evolvestrength.ca/edmonton-north/,https://www.evolvestrength.ca/locations/edmonton-north,301,2,Edmonton North
https://www.evolvestrength.ca/edmonton-south/,https://www.evolvestrength.ca/locations/edmonton-south,301,2,Edmonton South
https://www.evolvestrength.ca/vancouver-post/,https://www.evolvestrength.ca/locations/vancouver-post,301,2,Vancouver Post
https://www.evolvestrength.ca/our-team-brentwood/,https://www.evolvestrength.ca/explore,301,3,Brentwood team
https://www.evolvestrength.ca/our-team-downtown/,https://www.evolvestrength.ca/explore,301,3,Downtown team
https://www.evolvestrength.ca/our-team-north/,https://www.evolvestrength.ca/explore,301,3,North team
https://www.evolvestrength.ca/our-team-royaloak/,https://www.evolvestrength.ca/explore,301,3,Royal Oak team
https://www.evolvestrength.ca/our-team-seton/,https://www.evolvestrength.ca/explore,301,3,Seton team
https://www.evolvestrength.ca/our-team-south/,https://www.evolvestrength.ca/explore,301,3,South team
https://www.evolvestrength.ca/our-team-sunridge/,https://www.evolvestrength.ca/explore,301,3,Sunridge team
https://www.evolvestrength.ca/our-team/,https://www.evolvestrength.ca/explore,301,3,General team
https://www.evolvestrength.ca/recovery-brentwood/,https://www.evolvestrength.ca/wellness,301,4,Brentwood wellness
https://www.evolvestrength.ca/recovery-downtown/,https://www.evolvestrength.ca/wellness,301,4,Downtown wellness
https://www.evolvestrength.ca/recovery-north/,https://www.evolvestrength.ca/wellness,301,4,North wellness
https://www.evolvestrength.ca/recovery-royaloak/,https://www.evolvestrength.ca/wellness,301,4,Royal Oak wellness
https://www.evolvestrength.ca/recovery-seton/,https://www.evolvestrength.ca/wellness,301,4,Seton wellness
https://www.evolvestrength.ca/recovery-south/,https://www.evolvestrength.ca/wellness,301,4,South wellness
https://www.evolvestrength.ca/recovery-sunridge/,https://www.evolvestrength.ca/wellness,301,4,Sunridge wellness
https://www.evolvestrength.ca/recovery/,https://www.evolvestrength.ca/wellness,301,4,General recovery
https://www.evolvestrength.ca/services/,https://www.evolvestrength.ca/wellness,301,4,Services to wellness
https://www.evolvestrength.ca/spaces-brentwood/,https://www.evolvestrength.ca/work-spaces,301,5,Brentwood spaces
https://www.evolvestrength.ca/spaces-downtown/,https://www.evolvestrength.ca/work-spaces,301,5,Downtown spaces
https://www.evolvestrength.ca/spaces-north/,https://www.evolvestrength.ca/work-spaces,301,5,North spaces
https://www.evolvestrength.ca/spaces-royaloak/,https://www.evolvestrength.ca/work-spaces,301,5,Royal Oak spaces
https://www.evolvestrength.ca/spaces-seton/,https://www.evolvestrength.ca/work-spaces,301,5,Seton spaces
https://www.evolvestrength.ca/spaces-south/,https://www.evolvestrength.ca/work-spaces,301,5,South spaces
https://www.evolvestrength.ca/spaces-sunridge/,https://www.evolvestrength.ca/work-spaces,301,5,Sunridge spaces
https://www.evolvestrength.ca/workspace/,https://www.evolvestrength.ca/work-spaces,301,5,Workspace to work-spaces
https://www.evolvestrength.ca/training-brentwood/,https://www.evolvestrength.ca/explore,301,6,Brentwood training
https://www.evolvestrength.ca/training-downtown/,https://www.evolvestrength.ca/explore,301,6,Downtown training
https://www.evolvestrength.ca/training-north/,https://www.evolvestrength.ca/explore,301,6,North training
https://www.evolvestrength.ca/training-royaloak/,https://www.evolvestrength.ca/explore,301,6,Royal Oak training
https://www.evolvestrength.ca/training-seton/,https://www.evolvestrength.ca/explore,301,6,Seton training
https://www.evolvestrength.ca/training-south/,https://www.evolvestrength.ca/explore,301,6,South training
https://www.evolvestrength.ca/training-sunridge/,https://www.evolvestrength.ca/explore,301,6,Sunridge training
https://www.evolvestrength.ca/category/uncategorized/,https://www.evolvestrength.ca/,301,7,Dummy page to home
https://www.evolvestrength.ca/christmas-promotions/,https://www.evolvestrength.ca/,301,7,Christmas promotions to home
https://www.evolvestrength.ca/gym-new-year/,https://www.evolvestrength.ca/,301,7,Gym new year to home
https://www.evolvestrength.ca/is-walking-good-exercise/,https://www.evolvestrength.ca/,301,7,Walking exercise to home
https://www.evolvestrength.ca/new-gym-georgetown/,https://www.evolvestrength.ca/,301,7,New gym Georgetown to home
https://www.evolvestrength.ca/business-and-coaching-conference/,https://www.evolvestrength.ca/,301,7,Business conference to home
https://www.evolvestrength.ca/project/downtown/,https://www.evolvestrength.ca/,301,7,Project downtown to home
https://www.evolvestrength.ca/testhomepage/,https://www.evolvestrength.ca/,301,7,Test homepage to home
https://www.evolvestrength.ca/gym/,https://www.evolvestrength.ca/,301,7,Gym page to home
https://www.evolvestrength.ca/facilities/,https://www.evolvestrength.ca/locations,301,8,Facilities to locations
https://www.evolvestrength.ca/memberships/,https://www.evolvestrength.ca/locations,301,8,Memberships to locations
# External services - no redirect needed
# https://join.evolvestrength.ca/burnaby-brentwood/,External service,No redirect,External,External service
# https://join.evolvestrength.ca/calgary-royal-oak/,External service,No redirect,External,External service
# https://join.evolvestrength.ca/calgary-seton/,External service,No redirect,External,External service
# https://join.evolvestrength.ca/calgary-sunridge/,External service,No redirect,External,External service
# https://join.evolvestrength.ca/edmonton-downtown/,External service,No redirect,External,External service
# https://join.evolvestrength.ca/edmonton-north/,External service,No redirect,External,External service
# https://join.evolvestrength.ca/edmonton-south/,External service,No redirect,External,External service
# https://join.evolvestrength.ca/vancouver-post/,External service,No redirect,External,External service
# https://subscription.evolvestrength.ca/,External service,No redirect,External,External service
# https://subscription.evolvestrength.ca/membership-plans?location=06962,External service,No redirect,External,External service
# https://subscription.evolvestrength.ca/membership-plans?location=06964,External service,No redirect,External,External service
# https://subscription.evolvestrength.ca/membership-plans?location=06967,External service,No redirect,External,External service
# https://subscription.evolvestrength.ca/membership-plans?location=06973,External service,No redirect,External,External service
# https://subscription.evolvestrength.ca/membership-plans?location=40097,External service,No redirect,External,External service
# https://subscription.evolvestrength.ca/membership-plans?location=40142,External service,No redirect,External,External service
# https://subscription.evolvestrength.ca/membership-plans?location=40248,External service,No redirect,External,External service
# https://subscription.evolvestrength.ca/membership-plans?location=40327,External service,No redirect,External,External service
# https://join.evolvestrength.ca/tour-form/,External service,No redirect,External,External service
# https://join.evolvestrength.ca/category/uncategorized/,External service,No redirect,External,External service
# https://join.evolvestrength.ca/christmas-promotions/,External service,No redirect,External,External service
# https://join.evolvestrength.ca/gym-new-year/,External service,No redirect,External,External service
# https://join.evolvestrength.ca/is-walking-good-exercise/,External service,No redirect,External,External service
# https://join.evolvestrength.ca/new-gym-georgetown/,External service,No redirect,External,External service
# https://join.evolvestrength.ca/privacy-policy/,External service,No redirect,External,External service
# https://join.evolvestrength.ca/terms-and-conditions/,External service,No redirect,External,External service
# Pages that stay the same - no redirect needed
# https://www.evolvestrength.ca/,Same URL,No redirect,Home,Home page
# https://www.evolvestrength.ca/franchise/,Same URL,No redirect,Franchise,Franchise page
# https://www.evolvestrength.ca/personal-training/,Same URL,No redirect,Personal Training,Personal training page
# https://www.evolvestrength.ca/locations/,Same URL,No redirect,Locations,All locations page
